Changes made at Sat Aug  9 05:58:18 UTC 2025
Changes made at Thu Nov 20 13:42:42 UTC 2025
Changes made at Thu Nov 20 14:22:02 UTC 2025
Changes made at Thu Nov 20 16:28:48 UTC 2025
Changes made at Fri Nov 21 08:30:22 UTC 2025
Changes made at Fri Nov 21 10:22:41 UTC 2025
Changes made at Fri Nov 21 14:20:59 UTC 2025
Changes made at Fri Nov 21 16:26:57 UTC 2025
Changes made at Sat Nov 22 08:26:29 UTC 2025
Changes made at Sat Nov 22 10:20:15 UTC 2025
Changes made at Sat Nov 22 14:17:56 UTC 2025
Changes made at Sat Nov 22 16:24:39 UTC 2025
Changes made at Sun Nov 23 08:26:24 UTC 2025
Changes made at Sun Nov 23 10:20:28 UTC 2025
Changes made at Sun Nov 23 14:17:56 UTC 2025
Changes made at Sun Nov 23 16:24:34 UTC 2025
Changes made at Mon Nov 24 08:31:32 UTC 2025
Changes made at Mon Nov 24 10:25:29 UTC 2025
